Current.State,tot.Estimate,tot.MOE,AL.Estimate,AL.MOE,AK.Estimate,AK.MOE,AZ.Estimate,AZ.MOE,AR.Estimate,AR.MOE,CA.Estimate,CA.MOE,CO.Estimate,CO.MOE,CT.Estimate,CT.MOE,DE.Estimate,DE.MOE,DC.Estimate,DC.MOE,FL.Estimate,FL.MOE,GA.Estimate,GA.MOE,HI.Estimate,HI.MOE,ID.Estimate,ID.MOE,IL.Estimate,IL.MOE,IN.Estimate,IN.MOE,IO.Estimate,IO.MOE,KS.Estimate,KS.MOE,KY.Estimate,KY.MOE,LA.Estimate,LA.MOE,ME.Estimate,ME.MOE,MD.Estimate,MD.MOE,MA.Estimate,MA.MOE,MI.Estimate,MI.MOE,MN.Estimate,MN.MOE,MS.Estimate,MS.MOE,MO.Estimate,MO.MOE,MT.Estimate,MT.MOE,NE.Estimate,NE.MOE,NV.Estimate,NV.MOE,NH.Estimate,NH.MOE,NJ.Estimate,NJ.MOE,NM.Estimate,NM.MOE,NY.Estimate,NY.MOE,NC.Estimate,NC.MOE,ND.Estimate,ND.MOE,OH.Estimate,OH.MOE,OK.Estimate,OK.MOE,OR.Estimate,OR.MOE,PA.Estimate,PA.MOE,RI.Estimate,RI.MOE,SC.Estimate,SC.MOE,SD.Estimate,SD.MOE,TN.Estimate,TN.MOE,TX.Estimate,TX.MOE,UT.Estimate,UT.MOE,VT.Estimate,VT.MOE,VA.Estimate,VA.MOE,WA.Estimate,WA.MOE,WV.Estimate,WV.MOE,WI.Estimate,WI.MOE,WY.Estimate,WY.MOE,PR.Estimate,PR.MOE
Alabama,"119,421","10,347",N/A,N/A,780,281,"4,470","3,225","1,584",719,"4,921","1,888","1,601",683,283,227,330,406,273,380,"17,515","3,402","19,270","4,159",775,604,105,192,"3,362","1,248","1,488","1,085",151,149,373,493,"1,806",893,"2,410","1,495",0,210,457,502,504,432,"1,858","1,803","1,224",898,"8,391","2,393","1,983","1,706",347,518,295,445,"1,456","1,165",152,248,548,551,600,679,"2,701","1,617","3,656","1,539",128,141,"1,993","1,072",481,361,"1,416","1,012","1,341",875,213,362,"1,642",798,62,81,"12,640","2,750","7,504","2,161",497,428,0,210,"3,171","1,933","1,586","1,665",311,357,718,394,49,85,415,490
Alaska,"30,676","4,209",204,312,N/A,N/A,618,650,159,265,"4,697","2,994","1,087",570,0,170,258,195,220,236,"1,380",894,411,664,"1,023","1,293",803,541,73,130,486,387,33,61,"1,200","1,081",781,"1,146",198,240,0,170,201,200,353,450,152,240,611,365,174,248,107,125,936,778,387,339,98,89,18,24,513,362,22,28,"1,232",923,"1,410","1,123",156,231,601,535,275,429,"3,187","1,614",213,348,0,170,211,281,94,97,340,"1,119",980,697,561,349,45,74,"1,331","1,584","2,283",952,0,170,34,44,520,523,192,324
Arizona,"256,203","16,154","1,373",839,"2,017",768,N/A,N/A,"1,896","1,024","54,222","7,111","8,344","2,224","1,085",800,514,341,74,130,"12,762","3,520","6,326","3,652","2,226","1,047","5,132","1,631","9,030","2,564","2,974","1,466","6,805","3,285","3,383","1,608","1,666","1,039","2,514","1,631",350,353,"1,972","1,477","3,316","1,341","6,740","2,644","5,582","1,677",816,"1,065","7,390","3,434","2,261","1,014","2,694","1,352","6,341","2,195",612,701,"2,082","1,619","6,397","2,995","7,627","3,017","3,646","1,819",424,335,"3,091","1,286","2,925","1,475","10,465","4,633","4,780","2,108",145,299,"1,186",785,"1,892",962,"4,498","2,325","16,779","3,588","5,766","2,330",242,240,"4,441","1,507","12,844","3,101",40,63,"4,015","1,426","2,501","1,315",0,232
Arkansas,"73,123","7,893","1,056",716,17,29,"1,112",659,N/A,N/A,"6,320","2,231","3,878","2,730",3,7,0,208,49,83,"4,555","1,809","2,117","1,309",319,383,170,199,"1,591","1,167",462,356,"1,077",792,"2,343","1,564",137,195,"2,321",966,30,61,109,160,220,231,210,174,"1,051","1,072","1,129",641,"8,714","2,562","1,334","1,530",251,253,"1,183",937,0,208,806,645,396,487,452,430,"2,433","1,520",0,208,463,504,"3,904","1,379",122,185,498,590,0,208,288,411,539,519,"2,959","1,186","13,652","2,702",362,407,0,208,659,645,"3,093","2,026",78,86,661,586,0,208,210,359
California,"422,075","16,415","2,123",800,"1,210",741,"21,152","3,768","2,092","1,499",N/A,N/A,"14,784","3,447","3,113","1,333",772,589,"4,590","2,031","19,149","2,932","11,229","2,636","8,094","2,145","2,646","1,096","21,982","4,192","4,531","1,487","4,250","1,811","3,207","1,647","2,308",980,"4,522","3,149","1,003",759,"10,107","2,555","10,101","2,157","12,054","3,747","2,705",948,"3,133","1,679","6,400","1,884",656,501,"2,606","1,241","22,218","3,011","1,202",667,"12,458","3,737","4,784","1,730","35,062","5,747","8,924","2,421",10,1,"7,434","2,198","2,541","1,230","22,162","4,146","8,730","1,862","1,050",615,"5,346","1,686",629,458,"5,343","1,931","38,732","5,272","10,939","3,733","1,012",863,"15,837","3,530","32,218","3,972","1,125","1,062","2,634","1,287","1,166",641,"1,119",700
Colorado,"232,663","13,472","3,745","2,629","1,452",877,"12,378","3,945","1,435",670,"26,148","4,836",N/A,N/A,"1,875",875,120,199,"1,319",972,"12,786","2,960","6,522","1,968","3,347","1,476","3,480","1,682","8,941","2,473","2,612","1,002","3,407","1,276","4,387","1,671","1,015",695,"2,227",815,628,455,"3,553","1,766","2,885","1,170","2,922","1,198","3,830","1,746",590,685,"4,858","1,702","2,294",985,"4,126","2,955","1,896","1,016",252,269,"1,154",616,"6,030","1,846","6,295","1,563","10,351","3,078",582,323,"6,289","2,486","2,980","1,512","3,690","1,584","5,109","1,837",0,220,"1,813",910,"1,190",863,"4,670","2,020","32,150","6,270","4,336","1,969",327,335,"9,719","2,737","6,010","1,983",77,23,"2,698","1,170","2,163",815,335,395
Connecticut,"94,990","9,089",788,"1,003",11,27,657,431,80,147,"4,972","1,503",591,396,N/A,N/A,32,70,327,287,"7,435","2,404","2,514","2,458",725,746,0,222,"1,522",904,446,389,0,222,363,318,397,635,357,355,601,477,"1,412",816,"13,428","3,633",975,651,681,335,364,330,110,191,101,167,252,329,781,514,878,594,"5,379","2,151",53,88,"28,181","4,927","1,220",892,0,222,414,284,170,173,0,222,"4,858","1,414","4,299","1,173","1,146",595,0,222,"2,508","2,557","2,678","1,231",84,149,557,378,"1,947","1,599",654,535,0,222,42,73,0,222,486,378
Delaware,"39,006","5,129",12,24,59,98,476,630,372,371,516,425,212,265,369,270,N/A,N/A,430,319,"1,763",767,249,418,0,204,33,60,193,181,0,204,212,344,0,204,0,204,0,204,174,211,"7,829","1,771",465,441,82,110,180,237,70,104,105,135,235,324,0,204,118,147,0,204,"4,041","1,505",214,321,"2,552","1,072","1,563","1,028",0,204,0,204,0,204,0,204,"13,350","4,043",187,327,385,333,0,204,629,799,400,360,33,55,0,204,882,501,274,462,0,204,342,391,0,204,0,204
District of Columbia,"56,860","5,761",423,357,0,244,242,252,0,244,"2,976","1,235",376,285,760,375,111,126,N/A,N/A,"1,856",683,"1,537",626,53,93,0,244,770,587,"1,010",809,0,244,0,244,168,210,"1,130",971,"1,190","1,230","12,647","3,391","2,685",752,"1,490",772,394,283,130,219,365,229,22,50,58,94,56,97,14,2,"2,071",733,48,82,"4,766","1,481","1,423",655,126,10,"1,248",669,476,453,794,645,"3,085","1,282",369,392,514,416,0,244,622,407,"2,631","1,379",207,191,86,119,"7,085","1,607",443,299,100,146,303,270,0,244,226,221
Florida,"636,933","25,005","13,789","3,592","2,280","1,039","8,361","2,134","4,025","1,683","39,052","8,301","13,264","4,543","15,743","4,429","1,739",763,"1,691",884,N/A,N/A,"44,469","6,762","3,294","1,819",913,711,"27,109","4,300","14,939","3,031","4,367","1,469","5,297","2,194","9,814","3,164","6,194","2,180","3,831","1,786","17,439","3,077","24,002","4,988","26,512","4,747","8,274","2,216","4,750","1,554","7,814","2,281","1,030",819,"1,317","1,024","5,632","1,683","5,012","1,944","33,226","6,199","2,416","1,079","71,138","7,109","25,290","5,162","1,189",935,"18,543","3,090","5,488","2,421","2,310","1,151","27,770","4,307","3,400","1,407","14,066","3,716",555,437,"15,663","4,024","37,781","6,941","3,733","1,556","1,739","1,453","28,226","5,524","9,009","2,215","4,044","2,246","9,232","2,055",162,274,"12,534","3,392"
Georgia,"310,452","14,570","17,506","4,251","1,028",680,"2,706","1,714","2,912","1,568","20,191","3,803","5,154","2,837","3,380","1,415",747,404,"1,475","1,623","55,250","6,273",N/A,N/A,482,437,"2,056","1,172","9,133","2,918","3,422","1,908","1,482","1,078","3,418","1,618","2,671","1,078","6,264","2,241","1,141","1,076","6,244","2,663","1,739",789,"3,945","1,107","2,803","1,387","3,070","2,068","3,814","1,359",237,288,506,800,"2,822","1,535",670,639,"6,339","2,102","2,936","2,258","21,998","6,737","17,310","3,972",57,98,"7,590","2,256","2,067","1,405","1,060",583,"8,763","3,421","1,508","1,273","16,635","3,316",771,482,"17,332","3,909","20,923","3,518","2,184","1,856",0,226,"6,866","1,831","6,050","1,965","1,146",600,"2,649","1,440",0,226,"1,667",971
Hawaii,"58,539","6,014",346,277,"1,135","1,001","1,932",895,152,189,"11,200","2,084","3,359",990,702,543,277,318,773,656,"2,061",847,"1,276",611,N/A,N/A,"1,042","1,402",907,617,0,190,0,190,243,288,489,386,"1,150",508,0,190,"2,699","1,863",182,165,463,338,893,749,0,190,996,855,111,154,0,190,"1,393",753,70,120,59,100,986,610,"1,776",775,"2,816","1,440",0,190,674,537,177,277,"1,443",938,498,341,59,99,820,589,99,163,968,"1,201","3,742","1,306","1,884","1,192",0,190,"3,388","1,589","4,092","1,467",0,190,"1,149","1,201",58,94,29,50
Idaho,"81,708","7,298",380,375,"1,117","1,146","4,026","1,798",533,509,"17,338","3,121","1,851","1,029",436,269,0,197,0,197,921,468,78,108,"1,089",464,N/A,N/A,571,423,830,647,479,465,"1,229","1,501",434,367,0,197,43,76,111,141,260,354,404,249,485,403,136,221,349,317,"2,754","1,141",324,267,"2,025","1,080",0,197,780,778,"1,566","1,141",77,110,"1,187",779,256,183,703,645,670,392,"7,458","2,370",394,417,113,171,97,111,388,283,369,259,"5,526","2,324","5,537","1,734",0,197,"1,290","1,079","14,655","3,489",395,366,229,202,"1,815",992,41,72
Illinois,"203,758","11,393","1,375",721,30,51,"4,417","1,470","2,189",991,"16,460","3,490","5,827","1,819",863,710,60,106,"1,790",950,"19,100","5,126","4,895","1,766","1,168",817,354,372,N/A,N/A,"11,555","2,398","8,326","1,824","1,468",507,"3,162","1,326","1,497","1,094",265,208,"2,512",982,"1,938",722,"10,345","1,808","3,641","1,203","1,894","1,305","14,982","2,934",224,221,"1,229",639,"2,181","1,209",524,484,"2,755","1,385","1,096",582,"8,394","1,959","5,531","1,602",252,299,"4,914","1,466","2,408","1,452","3,381","1,719","3,394","1,011",170,201,"2,084","1,190",140,155,"4,005","1,239","15,227","3,175","1,496",768,"1,057",827,"4,876","1,474","3,100","1,189",968,615,"14,135","2,842",104,125,"1,354",853
Indiana,"150,649","10,067","2,206","1,487",818,768,"2,123","1,138",754,479,"7,740","2,181","3,164","1,085",427,461,121,203,0,208,"14,798","3,257","1,606",783,81,137,0,208,"29,426","5,046",N/A,N/A,854,552,701,529,"12,257","2,798",784,426,24,43,668,358,"1,033",448,"8,137","1,909","1,579","1,579",529,653,"2,691",966,83,114,7,13,"1,022","1,060",340,395,"2,661","1,112",974,"1,171","8,782","4,165","2,634","1,067",353,370,"12,493","2,553",644,513,492,348,"3,117","1,887",47,91,"1,221",760,338,340,"3,310","1,710","9,485","2,928","1,804","1,338",86,156,"4,401","1,920","1,635",905,461,341,"1,738",673,0,208,54,76
Iowa,"73,176","5,958",130,99,209,204,"3,078","1,993",114,140,"4,406","1,519","3,642","1,776",33,51,168,217,186,297,"4,186","1,344",965,618,52,87,703,888,"11,780","1,679",678,421,N/A,N/A,"2,302",962,448,486,"1,605","1,265",154,211,595,543,465,683,"1,496",668,"4,755","1,084",563,596,"3,238","1,129",421,377,"7,341","2,196",906,449,0,172,169,216,20,35,845,737,"1,812",958,99,120,409,417,630,378,460,354,669,536,0,172,299,400,"2,209",774,"1,324",851,"3,634","1,321",99,103,99,172,"1,094",758,"1,022",633,0,172,"3,321",863,343,239,0,172
Kansas,"77,138","5,939",881,710,174,184,"2,365","1,285",884,954,"3,160","1,224","4,591","1,543",92,150,61,103,0,185,"2,737","1,148","1,737","1,200",0,185,925,"1,107","1,906","1,121",846,472,"1,648",753,N/A,N/A,969,854,"1,643",858,0,185,443,322,97,166,"1,369","1,093","1,478",631,326,448,"18,573","2,732",75,112,"3,841","1,303","2,049","1,170",320,342,543,503,267,251,"1,505","1,211",494,457,689,776,"2,050","1,189","3,534","1,146",248,237,"1,176","1,270",21,36,218,171,354,296,"1,480",697,"7,229","1,817",131,165,0,185,"1,827",960,980,697,96,122,609,611,497,342,574,860
Kentucky,"106,797","7,782","1,496","1,137",549,653,"2,484","1,420",373,561,"5,838","2,064","1,858",994,138,184,0,206,133,166,"5,243","1,453","3,491","1,945","1,020",965,610,608,"4,407","1,264","8,310","1,645",577,196,502,284,N/A,N/A,"2,343","1,079",160,251,633,631,245,256,"3,619","2,255",229,234,94,128,"1,734",943,758,564,93,128,"1,445","1,325","3,667","3,746",388,447,0,206,"2,370","1,620","2,452","1,101",0,206,"13,249","2,020","1,451","1,065",396,343,"2,282",956,0,206,"1,126",442,841,"1,138","14,444","2,818","5,471","1,571",259,300,0,206,"2,754","1,478","4,273","2,666","1,565",715,"1,427","1,400",0,206,0,206
Louisiana,"69,464","7,217","2,558","1,194",229,240,669,837,"3,228","1,362","2,424",995,777,500,778,659,0,221,0,221,"4,686","1,408","2,407","1,148",313,388,"1,306",957,"1,289",630,854,866,104,73,789,780,207,239,N/A,N/A,0,221,"1,289",665,"1,025","1,226",257,360,"1,262","1,323","7,272","2,599",977,678,458,448,0,221,"2,865","1,583",166,202,945,"1,118",88,147,532,516,"2,261","1,459","1,345","1,306",453,494,846,"1,197",550,543,533,295,0,221,338,296,830,"1,083","1,883",996,"18,446","4,485",179,266,0,221,"1,188",666,752,562,56,71,50,84,0,221,339,463
Maine,"38,089","4,070",124,207,274,249,375,298,56,97,"1,553",778,"1,178",918,948,413,226,273,0,179,"4,008","2,145",81,117,140,119,16,26,"1,223",535,0,179,0,179,77,123,48,84,18,32,N/A,N/A,700,412,"5,670","1,637",162,210,422,438,654,611,2,7,15,24,30,21,592,560,"5,715","1,638","1,137",660,116,204,"2,330","1,851",609,423,126,168,755,586,0,179,469,611,"1,454",777,528,381,741,439,0,179,467,188,"1,925","1,121",91,104,706,433,"1,022",488,689,482,586,594,31,53,0,179,0,179
Maryland,"162,674","12,092",431,501,142,193,"2,202","1,991",128,164,"10,051","2,391","1,276",722,"1,908","1,847","5,245","2,257","20,296","3,674","8,205","2,441","3,790","1,510","1,352",845,270,205,"1,213",472,"1,052",593,"1,054",847,217,359,603,502,486,398,428,347,N/A,N/A,"4,455","1,834","1,079","1,118","1,073",848,0,225,"1,221",914,242,315,16,30,147,238,368,261,"7,170","3,101","1,401","1,391","14,439","3,649","6,501","2,100",0,225,"5,145","2,472","1,204",667,913,601,"16,851","4,425","1,253","1,088","3,369","1,251",0,225,724,489,"5,592","1,901","1,801","1,367",228,210,"21,670","3,806","1,526",859,"3,739","1,528",0,225,198,343,231,245
Massachusetts,"145,021","9,094",97,127,0,225,"1,427",728,50,85,"12,160","2,525","2,017","1,252","10,437","2,226",397,294,"2,214",839,"12,758","2,876","2,897","1,327",109,130,201,168,"3,187","1,217","1,014",627,227,191,667,580,0,225,762,465,"2,391","1,133","4,214","1,423",N/A,N/A,"1,209",598,772,496,96,87,703,489,395,381,125,166,"1,249",975,"11,508","2,844","6,272","1,574","1,123",759,"16,247","2,441","5,217","2,085",0,225,"3,804","1,742",78,111,386,400,"9,392","2,734","7,264","1,994","1,367",945,64,81,"3,996","2,098","6,165","1,659",380,637,"1,430",691,"5,186","1,485","1,523",739,234,299,752,609,858,"1,226","1,605",975
Michigan,"135,115","8,023",718,424,119,161,"4,049","1,191",603,378,"9,765","2,535","3,698","1,102","1,192",572,0,184,262,266,"14,236","2,418","3,394","1,180",780,614,658,515,"11,766","2,891","11,338","2,843",719,447,"1,077","1,185","2,013","1,036","1,759",861,270,263,"1,565",772,989,488,N/A,N/A,"1,388",549,395,377,"1,956","1,051",301,245,176,175,"1,412",861,404,700,"2,352","1,332","1,056",825,"4,383","2,442","4,514","2,152",444,563,"8,851","2,067","1,881",820,"2,051","1,073","3,835","1,249",0,184,"1,608",719,869,838,"2,693",868,"10,011","2,363","1,610",821,218,194,"2,521",937,"3,409","1,209",517,396,"5,261","1,368",29,52,349,228
Minnesota,"100,277","7,269",404,304,832,590,"4,770","2,171",920,450,"4,505","1,311","3,884","1,800",794,709,72,106,687,542,"5,844","1,659","1,898","1,039",531,459,450,366,"6,089","1,538","1,370",675,"5,689","2,033","1,436",992,"1,142","1,069",221,327,19,31,716,515,952,526,"2,884","1,098",N/A,N/A,416,646,"1,950","1,065",537,302,"2,343","1,881",443,305,352,322,299,280,832,439,"1,502",520,"1,350",914,"6,062","1,527","1,063",647,842,685,"2,320","1,165","1,702",774,381,523,733,445,"2,867",913,"1,309",744,"4,400","1,509",862,554,0,157,"1,716",963,"3,400","1,181",158,191,"15,404","2,045",925,991,503,310
Mississippi,"64,610","6,810","6,151","1,448",223,326,"1,356",779,"1,451",664,"2,921","1,477",106,139,99,127,611,498,0,222,"5,839","1,713","4,016","1,823",260,284,394,522,"1,365",617,426,271,"1,090","1,049",49,75,938,429,"4,518","1,374",89,159,330,269,478,582,181,283,0,222,N/A,N/A,855,831,0,222,"1,199","1,431","1,168","1,158",0,222,288,235,0,222,467,301,"1,717","1,279",0,222,"1,021",557,0,222,124,152,402,326,0,222,985,751,89,149,"13,818","4,678","6,880","2,157",0,222,0,222,"1,028",754,"1,135",948,0,222,543,558,0,222,126,131
Missouri,"143,688","8,831",852,586,676,556,"5,699","1,875","7,548","2,062","8,146","2,251","5,846","2,270",667,482,189,293,57,74,"5,471","1,428","5,555","2,306",643,606,780,658,"15,326","2,635","3,104","1,513","4,155","1,729","20,692","3,922","2,603","1,429","1,978","1,323",148,217,960,640,596,446,"1,714","1,035","1,701",819,"1,600","1,058",N/A,N/A,579,561,636,325,"1,656",995,214,229,488,340,969,538,"3,534","2,504","3,214","1,130",398,430,"2,885","1,285","4,633","1,668",687,463,"3,178","1,778",256,335,"1,226",812,429,294,"4,548","1,504","9,322","2,500","1,901",862,104,127,"2,006",811,"1,615",807,89,143,"1,455",789,960,756,763,705
Montana,"36,775","4,288",73,62,549,355,823,466,416,488,"5,577","1,651","2,118",817,0,182,0,182,31,51,628,468,460,288,90,11,"2,361","1,210",539,400,23,4,438,640,232,338,218,369,5,12,431,605,189,245,111,165,322,438,"1,439",939,36,75,36,72,N/A,N/A,620,656,531,343,31,31,51,78,649,556,58,69,0,182,799,553,79,105,257,285,"2,713","1,315",847,757,0,182,797,763,135,139,79,114,"2,417","1,057","2,246","1,980",143,186,678,720,"5,214","1,862",0,182,158,157,"1,128",627,0,182
Nebraska,"48,590","4,776",666,662,107,184,"1,367","1,276",937,821,"1,904","1,031","5,254","1,658",0,174,0,174,51,68,"2,296","1,347",955,874,162,166,"1,128",987,"2,336","1,358",867,652,"4,860","1,545","2,179",741,370,325,114,141,0,174,371,327,80,101,454,432,"1,233",536,32,56,"2,886","1,129",250,223,N/A,N/A,560,632,493,546,49,82,"1,007",637,711,444,943,764,445,367,841,751,225,255,162,152,954,728,0,174,445,446,"2,767","1,302",373,274,"2,475","1,266",301,360,0,174,"2,977","1,636",825,574,0,174,438,344,740,580,48,87
Nevada,"122,219","10,131",218,236,"1,565","2,107","7,972","2,396",835,"1,160","41,997","5,776","8,064","4,355",642,587,102,174,63,105,"5,935","2,327",997,809,"4,441","2,522","2,057",966,970,649,292,322,288,272,639,467,188,166,"1,157","1,066",0,232,633,470,767,590,"1,035",760,743,570,252,289,891,589,820,683,886,568,N/A,N/A,155,264,"1,077",684,"1,666",803,"2,582","1,121","1,072","1,002",197,244,"3,475","2,059","1,672","1,796","3,604","1,579","1,868","1,257",0,232,"1,233",873,30,67,600,412,"5,939","1,958","3,776","1,783",54,88,"2,246","1,440","5,516","2,136",0,232,853,717,155,129,154,208
New Hampshire,"39,695","4,451","1,530","1,662",103,112,702,556,0,200,"1,718","1,016",543,481,"1,776",828,0,200,80,112,"1,320",791,321,296,0,200,583,937,95,83,103,120,283,363,118,198,0,200,564,802,"1,604",713,705,595,"16,362","3,022",136,193,115,146,477,709,0,200,0,200,0,200,35,60,N/A,N/A,395,275,346,371,"1,777",807,273,181,0,200,127,212,371,427,0,200,"1,914",929,333,273,61,94,0,200,586,525,"1,473","1,039",560,620,"1,890",857,201,283,110,179,0,200,5,15,0,200,84,143
New Jersey,"156,335","10,892",178,220,54,97,"1,140",637,165,209,"9,431","2,893","2,332","1,204","2,483","1,088","1,291",800,639,391,"9,635","2,547","1,865",900,820,618,29,49,"3,183","1,941","1,114",914,42,97,442,410,284,259,935,645,418,384,"3,877","1,670","4,851","1,824",679,494,354,353,80,132,"1,217","1,017",114,102,12,4,200,189,102,78,N/A,N/A,187,169,"55,926","6,769","3,461","1,120",465,900,"1,267",643,906,822,723,618,"29,564","4,532",660,617,"2,619","1,402",0,225,611,478,"4,360","2,035",901,743,302,279,"3,918","1,291","1,456",801,704,537,194,210,145,180,662,513
New Mexico,"64,673","6,466",837,836,345,380,"3,535","1,180",477,513,"8,126","2,257","5,853","1,979",305,332,0,211,"1,261","1,069","1,207",634,"1,110","1,025",449,447,"1,510",852,"1,129",899,81,133,276,225,"1,500","1,049",181,228,"1,443","1,828",106,143,14,15,577,453,"1,383",939,275,223,4,9,501,415,"1,146","1,004",325,187,"1,243",708,62,110,641,358,N/A,N/A,184,181,522,618,362,589,"1,216",705,296,286,733,400,678,611,0,211,627,505,323,302,523,427,"16,975","3,993","1,701",902,0,211,530,387,"3,591","2,232",0,211,304,467,206,251,0,211
New York,"302,835","14,489","1,389",904,445,733,"3,934","1,161",649,661,"31,097","3,493","5,110","1,500","15,165","3,537","1,867",899,"3,271","1,057","24,749","3,312","8,013","2,384","1,615",873,214,241,"8,628","2,800","1,347",643,"1,184",813,"2,816","1,988","2,678","1,472","1,574",800,"3,190",968,"8,119","2,139","21,001","2,868","2,606",826,"1,321",631,503,482,"1,433",741,660,420,432,293,"1,844","1,089","1,859",801,"40,474","4,833",840,546,N/A,N/A,"9,000","2,110",18,30,"7,648","2,405",458,238,"1,157",516,"27,603","4,388","2,073","1,060","3,192","1,041",100,130,"4,360","1,493","18,956","3,658","3,081","1,716","3,926","1,291","11,930","2,632","6,261","2,935",507,375,"2,217",813,321,286,"3,539","1,328"
North Carolina,"339,255","15,451","5,582","2,109",606,434,"6,443","1,840",891,571,"21,084","4,182","4,393","1,580","4,284","1,681","1,745","1,599",862,622,"39,931","5,874","23,519","5,254","1,927",933,"1,425","1,281","5,380","1,687","2,819","1,393","2,629","1,304","4,842","2,374","4,783","2,077","3,978","2,044","1,575",991,"12,649","3,139","8,935","2,319","5,380","1,980","3,030","1,914",881,574,"2,914","1,099","1,227",706,678,661,"1,907","1,085","1,347",937,"9,290","2,928","1,152",990,"29,175","6,365",N/A,N/A,28,51,"5,637","1,476","1,886",978,"1,467",698,"13,040","3,116","1,154",821,"31,358","6,100",659,600,"7,905","1,880","17,335","4,055","3,032","2,042",796,724,"25,555","4,555","4,976","2,029","2,038","1,010","5,106","2,094",20,44,496,410
North Dakota,"34,415","4,355","1,019","1,429",252,276,"1,325","1,132",0,174,"1,158",745,"1,389","1,086",0,174,0,174,0,174,"1,775","1,277",264,327,0,174,134,249,"2,370","2,114",0,174,317,317,480,722,0,174,11,25,0,174,440,456,0,174,147,203,"11,738","2,061",182,177,284,284,"2,032","1,274",185,219,376,299,0,174,307,441,415,368,572,505,47,82,N/A,N/A,89,166,69,93,229,309,516,"1,079",124,194,0,174,"2,238",907,431,449,"1,823","1,036",750,634,0,174,0,174,492,323,0,174,302,224,133,178,30,63
Ohio,"185,341","10,421","1,421",806,547,457,"4,352","1,483",929,624,"12,197","2,694","3,393","1,209","1,361",980,65,111,388,374,"18,740","3,302","6,616","2,083",330,287,194,187,"5,652","1,171","12,068","2,543","1,051",578,"1,545","1,028","11,176","3,005","2,475","2,048",499,384,"3,200","1,088","2,324",852,"15,795","4,366",681,426,838,747,"1,600",986,258,272,951,617,712,443,425,280,"3,521","1,408",704,564,"6,238","1,514","6,930","1,928",432,292,N/A,N/A,"1,731",920,"1,471",733,"12,809","2,157",26,43,"3,647","1,554",478,655,"4,671","1,840","8,647","2,107",551,411,19,3,"6,598","3,282","4,239","1,608","7,856","2,395","2,816","1,460",174,234,"1,521",842
Oklahoma,"107,679","6,976",860,419,156,173,"3,093","1,692","5,286","1,360","10,940","2,612","6,786","1,951",346,288,176,190,105,138,"3,830","1,224","1,796",736,647,440,"1,211","1,112","1,603",897,"1,572",808,405,228,"4,908",939,"1,837","1,185","1,031",477,0,165,"1,064",729,413,403,"2,153","1,707",250,274,931,618,"2,695",713,475,418,"1,035",471,678,507,211,205,561,349,"1,097",615,"3,401","2,003",843,392,85,131,"1,261",716,N/A,N/A,710,360,901,380,50,76,"1,013",633,971,888,"1,092",592,"31,506","3,939",768,476,120,136,"3,431","1,301","2,329","1,052",0,165,934,532,113,116,313,314
Oregon,"125,246","8,588",642,605,"3,236","2,373","7,144","2,333",292,308,"33,807","4,303","6,038","2,067",605,304,0,217,944,782,"2,265","1,255","1,774","1,109","2,050","1,167","4,122","1,612","1,754",881,"2,151","1,065",17,28,"1,335",776,173,253,709,613,0,217,260,248,"2,298","1,327",428,301,255,231,0,217,696,419,"3,017","1,475",226,172,"3,051","1,187",0,217,345,403,398,412,"3,818","1,592","1,607",684,78,126,"2,217","1,653",680,541,N/A,N/A,927,484,230,395,414,331,188,236,"1,088","1,278","3,766","1,416","5,690","2,310",57,96,998,557,"22,169","3,286",0,217,"1,036",739,251,292,214,210
Pennsylvania,"237,526","11,760","1,733",902,595,437,"3,773","1,216",776,603,"11,590","3,309","3,234","1,215","3,619","1,290","6,612","1,653","1,208",550,"13,412","2,479","3,768","1,018",728,459,629,585,"4,430","1,540","3,419","1,218",370,345,"1,129",951,"1,266",522,410,326,"1,187",623,"20,654","4,570","6,379","2,218","1,856",819,"1,012",765,878,780,"1,164",805,338,389,445,436,"1,548","1,050",665,403,"41,215","4,927",370,351,"42,637","5,601","5,741","1,595",30,53,"11,277","2,126",533,311,"1,150",651,N/A,N/A,"1,005",410,"2,807",920,782,523,"2,617",823,"11,680","3,359",665,484,494,365,"10,019","2,426","2,624",889,"1,879",784,718,333,456,384,"3,091","1,912"
Rhode Island,"31,599","4,600",0,246,74,128,79,134,0,246,"2,008",929,484,583,"1,324",605,0,246,720,613,"3,277","1,307",665,520,326,277,0,246,904,667,129,170,144,244,98,114,158,257,"1,226","1,091",145,96,688,688,"9,208","2,528",535,582,141,226,185,255,11,22,0,246,0,246,0,246,535,445,"1,126",683,0,246,"2,089",917,513,582,0,246,146,262,87,151,243,316,"1,192",906,N/A,N/A,393,499,0,246,485,725,761,637,0,246,55,102,"1,068",575,102,135,0,246,61,88,214,327,285,340
South Carolina,"203,674","12,765","3,422","2,073",842,661,"2,578","1,114","1,633",993,"7,108","2,037","3,444","1,725","2,047","1,176","1,103","1,141",225,369,"16,206","3,237","17,378","3,530",133,226,"1,696","1,278","6,046","1,955","2,228","1,225",192,205,171,283,"1,740",948,686,601,"1,633","1,513","8,853","3,388","5,444","1,787","4,808","1,840","1,725",740,662,566,"1,929","1,147",403,443,892,615,"1,882","1,561","1,894","1,215","9,772","3,268","1,144","1,211","12,224","2,684","28,109","4,515",69,115,"5,710","1,490",359,333,862,739,"13,419","3,777",713,487,N/A,N/A,646,"1,039","5,304","1,808","7,228","2,634","2,894","2,878",0,225,"10,020","2,619","2,125","1,115","1,825",922,"1,712",860,536,408,155,228
South Dakota,"30,055","4,444",155,255,33,53,908,596,219,287,"3,368","1,789","1,559","1,678",54,89,0,175,0,175,634,352,37,69,0,175,70,116,938,736,968,"1,016",913,351,161,197,240,308,358,471,0,175,331,563,0,175,153,247,"7,142","2,033",0,175,74,79,680,539,"3,622","1,494",139,166,0,175,0,175,168,184,604,21,672,499,769,483,56,103,102,129,456,274,244,203,25,47,0,175,N/A,N/A,392,530,"2,059","1,616",30,48,0,175,100,134,772,660,0,175,137,114,713,745,0,175
Tennessee,"203,156","9,739","6,537","2,037",536,405,"3,907","1,720","2,485",967,"23,961","4,120","6,148","2,812","2,170","1,507",601,626,0,226,"21,195","4,111","12,600","2,999",35,66,"1,301","1,356","9,588","2,268","4,848","1,772",414,306,958,667,"9,175","2,421","3,407","1,707",315,348,"1,347",686,"2,916","1,250","2,924","1,234",916,736,"6,480","1,836","3,370","1,650",777,803,307,324,773,483,222,264,"2,214","1,360","1,043",629,"11,363","3,596","8,004","2,337",380,487,"6,397","2,779",268,243,"2,601","1,892","3,900","1,491",184,162,"3,580","1,398",331,279,N/A,N/A,"14,618","3,713","2,744","1,390",967,882,"7,309","2,108","3,517","1,353","1,633","1,160","1,690",916,200,256,533,591
Texas,"611,942","22,285","7,781","1,936","4,688","3,141","19,900","4,107","10,833","2,884","93,970","9,663","25,369","4,324","2,645",959,876,557,"1,553","1,112","50,513","6,013","17,398","4,082","5,273","2,105","5,764","2,898","24,181","5,256","5,369","1,449","6,140","2,175","8,547","2,576","5,410","1,784","28,458","6,384",585,421,"16,116","4,225","10,162","4,154","10,855","3,879","7,959","2,204","7,170","3,408","10,883","3,286","1,106",524,"5,567","2,329","8,557","3,125",569,296,"7,553","2,464","14,704","4,244","29,610","5,498","10,793","3,368","2,515","1,734","13,463","3,344","29,743","6,834","10,131","3,112","8,438","2,360","1,184",870,"8,072","2,226","1,978","1,222","12,068","3,617",N/A,N/A,"9,731","4,179",554,475,"14,137","3,876","20,423","5,263","1,194",859,"8,581","3,570","2,873","1,369","6,349","3,704"
Utah,"90,865","5,597",647,563,704,612,"6,639","1,658",683,802,"15,848","2,973","5,787","2,222",473,499,0,206,69,112,"2,832","1,021","1,093",740,620,468,"6,791","1,380","2,628","1,119","1,106",705,169,286,153,254,438,449,289,276,319,293,662,363,"3,449","2,979","1,332",614,791,481,"1,004","1,092","3,355","1,912",659,468,319,253,"6,808","2,056",529,347,0,206,544,352,"1,605","1,012","1,863",913,144,185,630,434,175,168,"1,674",664,"2,146","1,028",0,206,526,494,23,39,"1,133",669,"7,276","2,092",N/A,N/A,"1,030","1,275","1,439",902,"2,389",758,0,206,785,560,"1,287",694,195,256
Vermont,"26,743","3,113",556,572,22,44,419,364,0,170,855,412,"1,446",782,"1,655",755,30,50,181,247,"1,316",537,235,269,68,104,394,567,0,170,184,186,26,35,0,170,32,52,0,170,542,470,966,650,"3,965","1,477",70,100,793,799,28,64,11,20,207,268,267,328,0,170,"2,781","1,056",710,498,0,170,"3,279","1,221",280,198,0,170,516,619,0,170,770,606,"1,529",849,225,221,110,112,0,170,300,408,981,442,133,163,N/A,N/A,627,500,161,149,0,170,0,170,73,100,0,170
Virginia,"276,161","11,395","3,475","1,336",796,841,"4,091","1,697",142,173,"21,771","3,989","4,924","1,978","3,179",933,"2,450",977,"13,010","2,668","24,733","4,039","10,449","2,722","3,680","1,730","1,269",634,"7,940","1,912","2,023",920,"1,042",765,"1,417","1,752","2,011",920,"2,088","1,101","1,240","1,101","28,203","4,164","3,789","1,684","3,748","1,318",885,560,"1,993",864,"3,330","2,171",332,427,264,258,792,586,"2,004","1,519","8,120","3,327","1,237","1,215","15,048","3,603","23,197","3,903",281,267,"5,931","1,475","1,044",568,"1,698",905,"13,285","3,080","1,242",817,"11,905","2,863",422,401,"8,915","2,396","11,470","2,549","2,105","1,390",227,238,N/A,N/A,"4,758","1,524","7,199","2,361","1,007",540,0,216,"1,031",642
Washington,"212,616","10,566",926,722,"3,098","1,241","10,675","2,705","1,093",592,"40,858","4,888","7,250","2,010",620,505,89,148,"1,949","1,121","7,185","1,748","3,761","1,724","6,548","2,431","7,513","1,899","4,950","1,693","1,741",873,"2,386","2,152","2,468","1,748","1,344",831,"1,720","1,204",185,177,"2,602","1,376","1,797",727,"2,054",919,"2,081","1,101","1,693","1,223","1,646","1,046","3,372","1,332",437,347,"7,131","3,541",285,230,"1,513",850,"1,958",957,"5,371","1,702","6,383","3,063",77,128,"1,878",868,"1,716","1,143","29,960","4,460","2,416",872,796,806,"1,274",796,375,249,"2,341","1,016","13,788","3,579","4,830","1,506",482,615,"6,092","1,686",N/A,N/A,0,217,"1,412",837,497,403,183,302
West Virginia,"42,020","3,925",438,382,78,138,897,754,0,204,552,397,587,517,0,204,56,104,132,263,"3,585","1,141",391,282,0,204,7,16,596,442,70,70,0,204,0,204,"2,049",781,10,2,0,204,"6,587","2,020",54,124,120,181,0,204,579,593,128,171,76,105,0,204,198,193,60,99,485,321,275,330,"1,764","1,109","1,056",912,70,122,"7,164","1,734",84,111,233,315,"4,360","1,771",0,204,518,432,0,204,753,605,"1,291",813,208,364,0,204,"5,498","1,574",866,229,N/A,N/A,145,243,0,204,181,271
Wisconsin,"114,938","8,416",69,97,736,452,"3,304","1,471",865,765,"6,339","2,476","2,723","1,084",506,456,0,159,710,545,"8,391","2,113","1,609",723,161,207,372,305,"26,943","3,964","2,465","1,004","4,630","1,656",723,545,494,326,630,576,314,450,748,515,"1,569",923,"6,032","1,819","17,067","2,571",221,248,"2,084",896,824,566,741,430,"1,972","1,936",66,64,768,465,595,613,"2,252",712,"1,757",843,723,565,"1,121",509,"1,339",654,"1,103",712,"2,252",936,129,204,939,525,732,654,"1,120",639,"2,782",918,319,312,99,94,"1,415",706,"1,471",656,422,210,N/A,N/A,292,255,"1,084",712
Wyoming,"22,957","3,071",341,468,252,256,"1,526","1,014",35,62,"1,181",707,"4,777","1,293",0,208,8,18,38,61,791,473,680,915,99,188,"1,149",914,61,105,142,125,110,121,432,495,261,310,"1,001","1,093",0,208,81,68,0,208,266,299,7,2,132,166,572,492,"1,643",776,596,350,353,370,0,208,404,543,28,54,69,104,62,95,151,155,0,208,3,8,969,745,285,354,0,208,13,25,"1,037",639,118,104,"1,699",889,599,510,0,208,323,282,621,595,0,208,42,59,N/A,N/A,0,208
Puerto Rico,"23,588","4,407",133,207,158,201,365,526,0,251,375,337,533,704,304,285,0,251,231,370,"3,334","1,333","2,448","2,076",282,461,0,251,760,943,0,251,0,251,176,273,0,251,435,448,0,251,485,639,"1,350",782,193,331,0,251,308,490,92,160,0,251,0,251,233,314,0,251,"1,490","1,149",0,251,"1,979","1,197",521,665,0,251,0,251,0,251,0,251,"3,040","1,562",0,251,314,370,0,251,293,493,"2,252","1,247",37,67,0,251,443,549,519,465,0,251,505,489,0,251,N/A,N/A
